Res_Id,Res_Name,Res_Address,Res_Descriptions,Res_City,Res_Type,Res_Price,Res_Rating
4929,Thủy Lương Ngan Cháy Tỏi,"25 Đ. Nguyễn Khang, Yên Hoà, Cầu Giấy","Thủy Lương Ngan Cháy Tỏi - Hàng Lược có thực đơn đa dạng từ bún ngan, chảo ngan, ngan luộc, ngan xào cho đến ngan nướng rất thích hợp cho khách ăn trưa ăn tối và dân nhậu. Đặc biệt món ăn bán chạy nhất quán là bún ngan trộn chua ngọt, với hương vị chua, cay, mặn, ngọt đủ cả, gắp một miếng thôi cũng đã khiến thực khách mê đắm, không thể buông đũa xuống được. Từng miếng ngan ở đây rất sạch sẽ, đảm bảo vệ sinh an toàn thực phẩm, được chặt đẹp mắt, ướp gia vị thơm mọng, đĩa ngan đầy đặn, chinh phục mọi khách hàng khó tính nhất.",Hà Nội ,Quán ăn,300000,"7,8"
1474,Chả Cá Thăng Long,"6B P. Đường Thành, Cửa Đông, Hoàn Kiếm","Chả cá Thăng Long là một trong những nhà hàng có tên tuổi lớn của món Chả Cá Lã Vọng ở đất Hà Thành. Tuy không có quá nhiều món ăn đa dạng như những nhà hàng Chả cá Lã Vọng mới khác, Menu Chả cá Thăng Long thu hút thực khách bởi hương vị thơm ngon của ẩm thực truyền thống. Chính điều này làm nên những nét riêng của Chả cá Thăng Long so với các cửa hàng Chả Cá Lã Vọng khác.",Hà Nội ,Nhà hàng,500000,"9,3"
2405,Bún Đậu Cô Tuyến Mắm Tôm Hàng Khay,"ngõ 31 P. Hàng Khay, Tràng Tiền, Hoàn Kiếm","Mắm tôm của quán bún đậu cô Tuyến Hàng Khay rất đậm đà, có công thức riêng, khác hẳn với những quán khác. Các loại topping tại đây cũng cực kỳ đa dạng. Từ chả cốm, đậu hũ, lòng heo, chả giò, thịt đều được tuyển chọn kỹ lưỡng, chế biến rất tỉ mỉ. Những bạn đã có dịp đến quán Cô Tuyến đều hết lời khen chả cốm vì quá ngon, không bị bột và ngấy.",Hà Nội ,Quán ăn,40000,9
2795,Bún Chả 41 Cửa Đông,"41 P. Cửa Đông, Hàng Bồ, Hoàn Kiếm","Tuy nằm ẩn nấp trong hẻm nhưng quán Bún Chả Nem 41 Cửa Đông đã và đang thu hút đông đảo thực khách đến mỗi ngày. Nhân viên vui vẻ, nhiệt tình, phục vụ rất nhanh dù quán khá đông. Không gian của quán sạch sẽ, thoải mái.",Hà Nội ,Quán ăn,30000,"9,4"
1846,Bún Riêu Cua 41 Quang Trung,"41 Quang Trung 76, P. Bà Triệu/35 P. Trương Hán Siêu, Hoàn Kiếm","Được biết đến như một trong những địa điểm bún riêu Quang Trung Hà Nội được ưa chuộng nhất, quán này nổi bật với không gian thoải mái, tạo cơ hội cho khách hàng trải nghiệm dễ chịu. Bún riêu cua ở đây thơm ngon, và thịt bò được chế biến mềm mịn, cùng với nước dùng hấp dẫn. Mặc dù không gian quán không rộng lớn, nhưng vào buổi trưa, quán luôn thu hút một lượng lớn khách hàng, đặc biệt là những người làm việc tại các văn phòng và học sinh trong khu vực lân cận.",Hà Nội ,Quán ăn,60000,"9,2"
3233,Bánh Tôm Cô Ầm,"Ng. Đồng Xuân, Đồng Xuân, Hoàn Kiếm","Quán bánh tôm Cô Ầm nằm tại vị trí đầu ngõ Đồng Xuân và trên đường Hàng Chiếu nổi tiếng. Mặc dù không gian của quán chỉ rộng khoảng 5 - 7 mét vuông và chỉ có khoảng 10 chỗ ngồi cho khách hàng, nhưng ngay từ khi chủ quán chuẩn bị dọn hàng, đã có khá nhiều thực khách sẵn sàng đứng chờ để thưởng thức những chiếc bánh tôm tươi rán vàng, giòn ngon. Quán đã bán được đến đời thứ hai và hiện đang được tiếp quản bởi bà Ầm - đã bán được khoảng 30 năm. Quán chỉ có một nhân viên và con gái bà Ầm phụ trách hai bếp chiên bánh.",Hà Nội ,Ăn vặt/vỉa hè,40000,"9,2"
4328,Bún Dọc Mùng Bát Đàn,"18 P. Bát Đàn, Hàng Bồ, Hoàn Kiếm","Quán 18 Bát Đàn đã tổng hòa hương vị trong bát bún dọc mùng đúng điệu giúp thực khách vừa được ăn ngon vừa được tiếp thêm năng lượng. Giá cả cũng rất bình dân, thích hợp cho cả đối tượng là sinh viên. Hiện nay, đây là một địa điểm lý tưởng cho một bữa ăn sáng tuyệt vời.",Hà Nội ,Quán ăn,50000,"9,5"
4001,Xôi Mây,"31 P. Lý Thường Kiệt, Hàng Bài, Hoàn Kiếm","Xôi Mây gây ấn tượng với thực khách bởi hương vị hòa quyện của xôi nếp dẻo, nước mỡ béo ngậy và đỗ xanh cùng hành phi thơm thơm đã tạo nên thức quà sáng quen thuộc với biết bao thế hệ người dân Hà Nội.",Hà Nội ,Ăn vặt/vỉa hè,40000,"9,6"
1152,Phở Cuốn Hương Mai,"25 P. Ngũ Xã, Trúc Bạch, Ba Đình","Sinh ra từ làng Ngũ Xã – cái nôi của món phở cuốn, Phở cuốn Hương Mai là hành trình kế thừa và phát triển món phở cuốn của 3 thế hệ gia đình. Bắt nguồn từ tình yêu thương với những món ăn truyền thống cố hữu, mê mẩn những cuốn phở mát lành và tiếng nhai giòn từ rau thịt sau khi thả đẫm trong nước chấm chua ngọt thanh thuần, nhà hàng nhỏ mang tên Phở cuốn Hương Mai chính thức ra đời.",Hà Nội ,Quán ăn,150000,"9,2"
1811,Vịt Cỏ Hạnh Béo,"108 Đ. Nguyễn Khang, Yên Hoà, Cầu Giấy,","Quán Vịt cỏ Hạnh Béo nằm ngay tại vị trí khá đẹp trên mặt đường phố Nguyễn Khang, quán lúc nào cũng rất đông khách ra vào nườm nượp. Dù lượng khách đông nhưng nhân viên của quán phục vụ rất nhanh nhẹn và chu đáo, đồ ăn lên nhanh không để khách phải chờ lâu. Quán có không gian khá thoáng mát, bạn có thể ngồi ở bên trong nhà hay ngoài trời đều được. ",Hà Nội ,Quán ăn,300000,"9,1"
1463,Lẩu ếch Phong Ớ 72 Phó Đức Chính,"72 Phó Đức Chính, Trúc Bạch, Ba Đình","Nước lẩu được nấu khá kỹ, có vị chua nhẹ của dứa, thả vào đĩa ếch xào lá lốt nữa sẽ thấm vị và càng ngon hơn. Ếch này to hơn những quán ếch kia, thịt dai và ngọt. Đỉnh nhất là món da ếch chiên xù, món này không phải thả lẩu mà ăn với nước xào ếch cũng “ngon quên sầu”. Ngoài lẩu ếch nổi tiếng, quán cũng phục vụ khá nhiều món ngon được làm từ ếch và những món thích hợp cho lai rai ăn nhậu gồm: khoai lang kén, ngô chiên, chân gà rang muối, bò nướng và bò nhúng mẻ.",Hà Nội ,Quán ăn,500000,"9,3"
2552,Bún Ngan Nhàn,"11 Ng. Trung Yên, Hàng Bạc, Hoàn Kiếm","Nhắc đến bún ngan có lẽ đa phần người dân Hà Nội sẽ nghĩ ngay đến bún ngan Nhàn - quán bún nổi tiếng nhất vịnh Bắc Bộ. Quán nổi không chỉ bởi bát bún ở đây vô cùng chất lượng, mà còn vì cô chủ ở đây hay chửi nhân viên mà đôi khi quát cả khách, nhưng vẫn cuốn hút. ",Hà Nội ,Quán ăn,200000,"8,7"
3305,Phở Thìn Bờ Hồ,"61 P. Đinh Tiên Hoàng, Lý Thái Tổ, Hoàn Kiếm",Phở Thìn là thương hiệu phở bò gia truyền lâu đời nhất tại Việt Nam. Gia đình chúng tôi phục vụ thực khách món phở bò truyền thống tái chín nước trong là món ăn nóng sốt đặc trưng của Việt Nam.,Hà Nội ,Quán ăn,80000,"9,2"
4722,Quán Bánh Đúc Nóng cô Nội,"Ngõ 8 P. Lê Ngọc Hân, Ngô Thì Nhậm, Hai Bà Trưng","Quán nằm trong con ngõ sâu. Khách có thể ngồi ngoài trời hoặc trong nhà. Tại quán, bà Phạm Thị Nội tay lúc nào cũng thoăn thoắt múc bánh, chan nước, cẩn thận điểm từng lá hành, lá rau thơm. Bánh đúc ban đầu chỉ là một món ăn của những người nghèo khó, được ăn không hoặc chấm với nước mắm. Sau này, người dân đã biến tấu, kết hợp với nhiều nguyên liệu khác để biến bánh đúc thành món ăn thanh tao của Hà Nội. Bà Nội cho biết công thức làm bánh được gia đình truyền lại từ xưa. Thành phần chính của bánh từ bột gạo, nấu cho đến khi đặc quánh lại, sền sệt.",Hà Nội ,Ăn vặt/vỉa hè,35000,"9,3"
1544,Quán Bò Nhúng Dấm 999,"48 P. Trần Xuân Soạn, Ngô Thì Nhậm, Hai Bà Trưng","Một trong những địa chỉ lẩu bò nhúng dấm được tín nhiệm nhất nhì Hà Nội chính là quán Bò nhúng dấm 999 trên phố Trần Xuân Soạn với thứ nước lẩu thơm nức mũi dọn kèm đĩa bánh đa nem, đĩa rau ghém gồm chuối xanh, dứa, khế chua, dưa leo thái chỉ và tất nhiên không thể thiếu những đĩa thịt bò chất lượng. Một đặc điểm thú vị của bò nhúng dấm là giá bán tính theo đầu người, trung bình cứ 100.00 đồng/ người, đi bao nhiêu người thì dọn ra suất tương đương cho ngần ấy người.",Hà Nội ,Quán ăn,120000,"8,8"
2596,Phở Tuấn C8_ Giảng Võ,"C8 P. Giảng Võ, Giảng Võ, Ba Đình","Phở Tuấn là một quán ăn bình dân, giá rẻ nằm tại khu Giảng Võ - Ba Đình. Không gian quán đơn giản, sơ sài nhưng bù lại rất sạch sẽ. Bên cạnh món phở bò nổi tiếng, quán còn là nơi tụ tập ăn lẩu của nhiều gia đình, nhóm bạn bè. Thịt bò phở Tuấn mềm và không dai, khô đã được chần kĩ, đây được xem là ưu điểm của phở Tuấn được rất nhiều người yêu thích.",Hà Nội ,Quán ăn,300000,"9,1"
3367,Bánh Mỳ Dân Tổ,"32 Đ. Trần Nhật Duật, Đồng Xuân, Hoàn Kiếm","Bánh mì dân tổ ban đầu thường được phục vụ cho các thanh niên Hà Thành hay đi chơi khuya hoặc người người buôn bán phải thức khuya dậy sớm, nhưng nhờ sự đặc biệt trong cách chế biến mà bánh mì này đã trở nên sốt xình xịch, được rất nhiều người tìm đến mua, ăn thử. Các nguyên liệu bao gồm thịt, chả, pate, lạp xưởng, xúc xích, khô bò,... được cho vào chung một cái chảo rồi xào lên cùng với bơ làm tăng thêm phần béo ngậy và cả trứng cũng được đập vào để xào cùng tạo nên một hỗn hợp rất thơm và hấp dẫn.",Hà Nội ,Ăn vặt/vỉa hè,50000,"8,7"
3332,Quán Bún Ốc Gia Truyền Bà Thoa,"Ng. 7 P. Liễu Giai/2C2 P. Kim Mã Thượng, Cống Vị, Ba Đình","Bún ốc Gia Truyền Bà Thoa ngon, rẻ, thịt ốc tươi, được chế biến kỹ càng. Nước dùng chua thanh, đậm đà. Hành phi, tóp mỡ cũng chính tay nhà làm nên rất giòn ngon và không bị gắt dầu. Tất cả đều đó đã tạo nên một tô bún ốc đặc biệt trong lòng các thực khách.",Hà Nội ,Quán ăn,55000,9